Text,Label
"New update in Valorant introduces a brand-new map and balance changes.	",gaming
"Fortnite's latest season brings back fan-favorite characters and weapons.	",gaming
"Review: The immersive world of Elden Ring offers unparalleled depth and challenge.	",gaming
"How to dominate in League of Legends: Tips and strategies for beginners.	",gaming
"Global economic summit outlines strategies for sustainable growth post-pandemic.	",news
"Scientists discover a new species of deep-sea fish in the Mariana Trench.	",news
"Presidential elections see highest voter turnout in decades.	",news
"Tech giants pledge to improve privacy measures amid increasing cyber threats.	",news
"Exploring the impact of ancient civilizations on modern society.	",education
"The fundamentals of quantum computing and its potential to revolutionize industries.	",education
"New online course aims to teach coding skills to beginners with interactive lessons.	",education
"Understanding the human brain: A journey into neuroscience and psychology.	",education
"Serena Williams secures another Grand Slam victory at Wimbledon.	",sports
"Breaking records: The fastest sprint times in Olympic history revealed.	",sports
"NBA Finals: A thrilling game 7 sees the Lakers clinch the championship.	",sports
"The evolution of football tactics: From total football to tiki-taka.	",sports
"Major League Baseball announces new rules to speed up the game.	",sports
"Annual tech conference showcases the latest in virtual reality gaming.	",gaming
"International literacy day highlights the importance of education in global development.	",education
"Historic peace agreement signed, ending decades-long conflict.	",news
Explore vast worlds with stunning graphics in the latest RPG. Competitive gaming leagues are becoming as popular as traditional sports. Competitive gaming leagues are becoming as popular as traditional sports. Virtual reality gaming is revolutionizing how we experience games.,gaming
This indie game's innovative gameplay and art style earned it critical acclaim. Explore vast worlds with stunning graphics in the latest RPG. Explore vast worlds with stunning graphics in the latest RPG.,gaming
The stock market saw a significant downturn in light of recent events. Global leaders met today to discuss climate change initiatives. Global leaders met today to discuss climate change initiatives. New advancements in technology are making smartphones even smarter.,news
"Athletes are speaking out more on social issues, using their platforms for change. Youth sports programs are essential for teaching teamwork and discipline. Major leagues are implementing new safety protocols to protect players.",sports
Competitive gaming leagues are becoming as popular as traditional sports. The game's immersive storyline and characters draw players in for hours. Competitive gaming leagues are becoming as popular as traditional sports. Competitive gaming leagues are becoming as popular as traditional sports.,gaming
Interactive learning platforms are transforming online education. Studies show that early childhood education is crucial for development.,education
Universities are increasingly offering scholarships for underrepresented groups. Studies show that early childhood education is crucial for development. Interactive learning platforms are transforming online education. Universities are increasingly offering scholarships for underrepresented groups.,education
Virtual reality gaming is revolutionizing how we experience games. The game's immersive storyline and characters draw players in for hours.,gaming
Education systems worldwide are reconsidering standard testing methods. E-learning tools are becoming essential for remote education.,education
Competitive gaming leagues are becoming as popular as traditional sports. This indie game's innovative gameplay and art style earned it critical acclaim. This indie game's innovative gameplay and art style earned it critical acclaim.,gaming
Virtual reality gaming is revolutionizing how we experience games. The game's immersive storyline and characters draw players in for hours. This indie game's innovative gameplay and art style earned it critical acclaim.,gaming
Local communities rally together to support the homeless. Economic growth is expected to slow down according to recent reports. Economic growth is expected to slow down according to recent reports.,news
This indie game's innovative gameplay and art style earned it critical acclaim. Explore vast worlds with stunning graphics in the latest RPG. Virtual reality gaming is revolutionizing how we experience games. Explore vast worlds with stunning graphics in the latest RPG.,gaming
"Youth sports programs are essential for teaching teamwork and discipline. Fitness trends show a move towards more personalized workout routines. Athletes are speaking out more on social issues, using their platforms for change. Athletes are speaking out more on social issues, using their platforms for change.",sports
Competitive gaming leagues are becoming as popular as traditional sports. This indie game's innovative gameplay and art style earned it critical acclaim.,gaming
"Youth sports programs are essential for teaching teamwork and discipline. Athletes are speaking out more on social issues, using their platforms for change.",sports
Studies show that early childhood education is crucial for development. Universities are increasingly offering scholarships for underrepresented groups. Education systems worldwide are reconsidering standard testing methods. E-learning tools are becoming essential for remote education.,education
Local communities rally together to support the homeless. Economic growth is expected to slow down according to recent reports.,news
Education systems worldwide are reconsidering standard testing methods. Education systems worldwide are reconsidering standard testing methods. Studies show that early childhood education is crucial for development.,education
Economic growth is expected to slow down according to recent reports. Local communities rally together to support the homeless. New advancements in technology are making smartphones even smarter. The stock market saw a significant downturn in light of recent events.,news
Economic growth is expected to slow down according to recent reports. Local communities rally together to support the homeless. Global leaders met today to discuss climate change initiatives. Economic growth is expected to slow down according to recent reports.,news
Major leagues are implementing new safety protocols to protect players. Major leagues are implementing new safety protocols to protect players. Major leagues are implementing new safety protocols to protect players.,sports
Explore vast worlds with stunning graphics in the latest RPG. This indie game's innovative gameplay and art style earned it critical acclaim. Virtual reality gaming is revolutionizing how we experience games. Virtual reality gaming is revolutionizing how we experience games.,gaming
Interactive learning platforms are transforming online education. Universities are increasingly offering scholarships for underrepresented groups. Universities are increasingly offering scholarships for underrepresented groups.,education
Education systems worldwide are reconsidering standard testing methods. Universities are increasingly offering scholarships for underrepresented groups.,education
The game's immersive storyline and characters draw players in for hours. The game's immersive storyline and characters draw players in for hours. Explore vast worlds with stunning graphics in the latest RPG. Competitive gaming leagues are becoming as popular as traditional sports.,gaming
The stock market saw a significant downturn in light of recent events. The stock market saw a significant downturn in light of recent events. Local communities rally together to support the homeless. Local communities rally together to support the homeless.,news
The game's immersive storyline and characters draw players in for hours. Competitive gaming leagues are becoming as popular as traditional sports. Competitive gaming leagues are becoming as popular as traditional sports.,gaming
Explore vast worlds with stunning graphics in the latest RPG. The game's immersive storyline and characters draw players in for hours. Explore vast worlds with stunning graphics in the latest RPG. Virtual reality gaming is revolutionizing how we experience games.,gaming
Economic growth is expected to slow down according to recent reports. Local communities rally together to support the homeless. Local communities rally together to support the homeless. Economic growth is expected to slow down according to recent reports.,news
"Athletes are speaking out more on social issues, using their platforms for change. Fitness trends show a move towards more personalized workout routines. Fitness trends show a move towards more personalized workout routines. Fitness trends show a move towards more personalized workout routines.",sports
Youth sports programs are essential for teaching teamwork and discipline. Major leagues are implementing new safety protocols to protect players. Youth sports programs are essential for teaching teamwork and discipline.,sports
Economic growth is expected to slow down according to recent reports. Economic growth is expected to slow down according to recent reports.,news
The stock market saw a significant downturn in light of recent events. Global leaders met today to discuss climate change initiatives.,news
Competitive gaming leagues are becoming as popular as traditional sports. This indie game's innovative gameplay and art style earned it critical acclaim.,gaming
Interactive learning platforms are transforming online education. Studies show that early childhood education is crucial for development. E-learning tools are becoming essential for remote education. Studies show that early childhood education is crucial for development.,education
The stock market saw a significant downturn in light of recent events. Local communities rally together to support the homeless. New advancements in technology are making smartphones even smarter. The stock market saw a significant downturn in light of recent events.,news
Global leaders met today to discuss climate change initiatives. New advancements in technology are making smartphones even smarter.,news
E-learning tools are becoming essential for remote education. Universities are increasingly offering scholarships for underrepresented groups. E-learning tools are becoming essential for remote education.,education
Explore vast worlds with stunning graphics in the latest RPG. Virtual reality gaming is revolutionizing how we experience games. This indie game's innovative gameplay and art style earned it critical acclaim.,gaming
Competitive gaming leagues are becoming as popular as traditional sports. Explore vast worlds with stunning graphics in the latest RPG.,gaming
"Athletes are speaking out more on social issues, using their platforms for change. The championship game went into overtime thrilling fans around the world. Youth sports programs are essential for teaching teamwork and discipline.",sports
Virtual reality gaming is revolutionizing how we experience games. Explore vast worlds with stunning graphics in the latest RPG. Virtual reality gaming is revolutionizing how we experience games. The game's immersive storyline and characters draw players in for hours.,gaming
Explore vast worlds with stunning graphics in the latest RPG. Explore vast worlds with stunning graphics in the latest RPG.,gaming
Fitness trends show a move towards more personalized workout routines. Major leagues are implementing new safety protocols to protect players.,sports
Competitive gaming leagues are becoming as popular as traditional sports. Explore vast worlds with stunning graphics in the latest RPG. Competitive gaming leagues are becoming as popular as traditional sports.,gaming
Youth sports programs are essential for teaching teamwork and discipline. Fitness trends show a move towards more personalized workout routines. Fitness trends show a move towards more personalized workout routines.,sports
"Athletes are speaking out more on social issues, using their platforms for change. Athletes are speaking out more on social issues, using their platforms for change.",sports
This indie game's innovative gameplay and art style earned it critical acclaim. The game's immersive storyline and characters draw players in for hours. Virtual reality gaming is revolutionizing how we experience games. Explore vast worlds with stunning graphics in the latest RPG.,gaming
Major leagues are implementing new safety protocols to protect players. The championship game went into overtime thrilling fans around the world. Major leagues are implementing new safety protocols to protect players. The championship game went into overtime thrilling fans around the world.,sports
